origine-h00.png	e26d84e1a2e109eca5339d09dab13b342421a7e989611d98255092139a9b3b98	e26d84e1a2e109eca5339d09dab13b342421a7e989611d98255092139a9b3b98	True
origine-h03.png	80992e1d367ffd29ac36746dd5070e17628ae056794e6cd3d9a8435622ad111a	80992e1d367ffd29ac36746dd5070e17628ae056794e6cd3d9a8435622ad111a	True
origine-h06.png	7108be077db7f41fb6293324d6159fd6e9760c0ae7e617dc43ea0ae16a794852	7108be077db7f41fb6293324d6159fd6e9760c0ae7e617dc43ea0ae16a794852	True
origine-h09.png	f0766b05cbc2af9b2be69e1caff0e796fb13784eacae912eaf60a3fd2074cd89	f0766b05cbc2af9b2be69e1caff0e796fb13784eacae912eaf60a3fd2074cd89	True
origine-h12.png	308e10b4cb68d2fe017f5ecc886de1dcbe22f607f0aad2697c6d5337191d6fb7	308e10b4cb68d2fe017f5ecc886de1dcbe22f607f0aad2697c6d5337191d6fb7	True
origine-h15.png	02dee4d305da476d76619d3de789fda8969219d73f1e147d460875fa33456844	02dee4d305da476d76619d3de789fda8969219d73f1e147d460875fa33456844	True
origine-h18.png	b5948ee65ca70caab07d9f671388f7dfee24cbf8d8c2bd1999c3e97da56ae5d0	b5948ee65ca70caab07d9f671388f7dfee24cbf8d8c2bd1999c3e97da56ae5d0	True
origine-h21.png	d8c753574509e68de5d34d57353192d5e8061cb19dbf36e433ce8ebd03343922	d8c753574509e68de5d34d57353192d5e8061cb19dbf36e433ce8ebd03343922	True
origine-lumiere-h00.png	42449e5e663161761ec1f58e7547391c2fa87b587bcefe1801c849a57a151f37	42449e5e663161761ec1f58e7547391c2fa87b587bcefe1801c849a57a151f37	True
origine-lumiere-h03.png	1837970238f8d3e3574a58e256ab5f1c86bf7195c00faabafe5671ce5bf98b78	1837970238f8d3e3574a58e256ab5f1c86bf7195c00faabafe5671ce5bf98b78	True
origine-lumiere-h06.png	860d95f45ecf06ef7ff2878fc9e531ac93a2c502845a377357890ead67569c72	860d95f45ecf06ef7ff2878fc9e531ac93a2c502845a377357890ead67569c72	True
origine-lumiere-h09.png	3c4a4a94b64dedac899696f2a037bd9b359bebea37b74ec8b9d59029f9a26010	3c4a4a94b64dedac899696f2a037bd9b359bebea37b74ec8b9d59029f9a26010	True
origine-lumiere-h12.png	f5d6be27acbf0297bfca666910da00a39445ab7e342a70191e80b7fefea6d231	f5d6be27acbf0297bfca666910da00a39445ab7e342a70191e80b7fefea6d231	True
origine-lumiere-h15.png	4bb5788c7bece4d43bcd7fb786b71e2d5672c72017d91c143f57e25bf434f81f	4bb5788c7bece4d43bcd7fb786b71e2d5672c72017d91c143f57e25bf434f81f	True
origine-lumiere-h18.png	b1d085ab009d531d3ef79ace7b82b37c7434e9edf1fca73e243d4a6fa2522f99	b1d085ab009d531d3ef79ace7b82b37c7434e9edf1fca73e243d4a6fa2522f99	True
origine-lumiere-h21.png	29d70a4edda74c1cefbb96356bc1ea8beb9bff7df7a232b89f74892845ea6e97	29d70a4edda74c1cefbb96356bc1ea8beb9bff7df7a232b89f74892845ea6e97	True
recharged-h00.png	21e53192a31024e8f7e074b9a8431783c2b473367dee78f30f81a243390227ac	21e53192a31024e8f7e074b9a8431783c2b473367dee78f30f81a243390227ac	True
recharged-h03.png	f4d6bba3696b6ef9b0eb3a5fb06b24b078e5beffdb2649baca5bbe98c638b0a6	f4d6bba3696b6ef9b0eb3a5fb06b24b078e5beffdb2649baca5bbe98c638b0a6	True
recharged-h06.png	1f26befc4ca081dd9824fab91ae430ea3a884c33263461a1d0659fc3ec327eab	1f26befc4ca081dd9824fab91ae430ea3a884c33263461a1d0659fc3ec327eab	True
recharged-h09.png	2f0905afc54b55522553bb72871f35aab6acd0deeba62a97b1be828f8383406b	2f0905afc54b55522553bb72871f35aab6acd0deeba62a97b1be828f8383406b	True
recharged-h12.png	f8591f806f8682dfe75534f7cbeee848a21675bd499fef5938c643cb093e81e2	f8591f806f8682dfe75534f7cbeee848a21675bd499fef5938c643cb093e81e2	True
recharged-h15.png	3c4756993d053db8e280d41c8c4368217db801cc12bba0a1a5ad3487535e6836	3c4756993d053db8e280d41c8c4368217db801cc12bba0a1a5ad3487535e6836	True
recharged-h18.png	6a031be493c95b2701863f19a2fab263802e6a0dc0c8d67536f68d0b7185e4cf	6a031be493c95b2701863f19a2fab263802e6a0dc0c8d67536f68d0b7185e4cf	True
recharged-h21.png	30f117df730c9cae973b4d2a548b605c392bd4e30f8d0bcf144ab07f810c2fba	30f117df730c9cae973b4d2a548b605c392bd4e30f8d0bcf144ab07f810c2fba	True
