index	layer	name
0	historical	origine/h00
1	historical	origine/h03
2	historical	origine/h06
3	historical	origine/h09
4	historical	origine/h12
5	historical	origine/h15
6	historical	origine/h18
7	historical	origine/h21
8	historical	recharged/h00
9	historical	recharged/h03
10	historical	recharged/h06
11	historical	recharged/h09
12	historical	recharged/h12
13	historical	recharged/h15
14	historical	recharged/h18
15	historical	recharged/h21
16	historical	origine-lumiere/h00
17	historical	origine-lumiere/h03
18	historical	origine-lumiere/h06
19	historical	origine-lumiere/h09
20	historical	origine-lumiere/h12
21	historical	origine-lumiere/h15
22	historical	origine-lumiere/h18
23	historical	origine-lumiere/h21
24	historical	origine/village1-out-h00
25	historical	origine/village1-out-h03
26	historical	origine/village1-out-h06
27	historical	origine/village1-out-h09
28	historical	origine/village1-out-h12
29	historical	origine/village1-out-h15
30	historical	origine/village1-out-h18
31	historical	origine/village1-out-h21
32	historical	recharged/village1-out-h00
33	historical	recharged/village1-out-h03
34	historical	recharged/village1-out-h06
35	historical	recharged/village1-out-h09
36	historical	recharged/village1-out-h12
37	historical	recharged/village1-out-h15
38	historical	recharged/village1-out-h18
39	historical	recharged/village1-out-h21
40	historical	origine-lumiere/village1-out-h00
41	historical	origine-lumiere/village1-out-h03
42	historical	origine-lumiere/village1-out-h06
43	historical	origine-lumiere/village1-out-h09
44	historical	origine-lumiere/village1-out-h12
45	historical	origine-lumiere/village1-out-h15
46	historical	origine-lumiere/village1-out-h18
47	historical	origine-lumiere/village1-out-h21
48	historical	origine/beach-start-h00
49	historical	origine/beach-start-h03
50	historical	origine/beach-start-h06
51	historical	origine/beach-start-h09
52	historical	origine/beach-start-h12
53	historical	origine/beach-start-h15
54	historical	origine/beach-start-h18
55	historical	origine/beach-start-h21
56	historical	recharged/beach-start-h00
57	historical	recharged/beach-start-h03
58	historical	recharged/beach-start-h06
59	historical	recharged/beach-start-h09
60	historical	recharged/beach-start-h12
61	historical	recharged/beach-start-h15
62	historical	recharged/beach-start-h18
63	historical	recharged/beach-start-h21
64	historical	origine-lumiere/beach-start-h00
65	historical	origine-lumiere/beach-start-h03
66	historical	origine-lumiere/beach-start-h06
67	historical	origine-lumiere/beach-start-h09
68	historical	origine-lumiere/beach-start-h12
69	historical	origine-lumiere/beach-start-h15
70	historical	origine-lumiere/beach-start-h18
71	historical	origine-lumiere/beach-start-h21
72	historical	origine/training-start-h00
73	historical	origine/training-start-h03
74	historical	origine/training-start-h06
75	historical	origine/training-start-h09
76	historical	origine/training-start-h12
77	historical	origine/training-start-h15
78	historical	origine/training-start-h18
79	historical	origine/training-start-h21
80	historical	recharged/training-start-h00
81	historical	recharged/training-start-h03
82	historical	recharged/training-start-h06
83	historical	recharged/training-start-h09
84	historical	recharged/training-start-h12
85	historical	recharged/training-start-h15
86	historical	recharged/training-start-h18
87	historical	recharged/training-start-h21
88	historical	origine-lumiere/training-start-h00
89	historical	origine-lumiere/training-start-h03
90	historical	origine-lumiere/training-start-h06
91	historical	origine-lumiere/training-start-h09
92	historical	origine-lumiere/training-start-h12
93	historical	origine-lumiere/training-start-h15
94	historical	origine-lumiere/training-start-h18
95	historical	origine-lumiere/training-start-h21
96	historical	origine/jungle-start-h00
97	historical	origine/jungle-start-h03
98	historical	origine/jungle-start-h06
99	historical	origine/jungle-start-h09
100	historical	origine/jungle-start-h12
101	historical	origine/jungle-start-h15
102	historical	origine/jungle-start-h18
103	historical	origine/jungle-start-h21
104	historical	recharged/jungle-start-h00
105	historical	recharged/jungle-start-h03
106	historical	recharged/jungle-start-h06
107	historical	recharged/jungle-start-h09
108	historical	recharged/jungle-start-h12
109	historical	recharged/jungle-start-h15
110	historical	recharged/jungle-start-h18
111	historical	recharged/jungle-start-h21
112	historical	origine-lumiere/jungle-start-h00
113	historical	origine-lumiere/jungle-start-h03
114	historical	origine-lumiere/jungle-start-h06
115	historical	origine-lumiere/jungle-start-h09
116	historical	origine-lumiere/jungle-start-h12
117	historical	origine-lumiere/jungle-start-h15
118	historical	origine-lumiere/jungle-start-h18
119	historical	origine-lumiere/jungle-start-h21
120	historical	origine/jungle-tower-h00
121	historical	origine/jungle-tower-h03
122	historical	origine/jungle-tower-h06
123	historical	origine/jungle-tower-h09
124	historical	origine/jungle-tower-h12
125	historical	origine/jungle-tower-h15
126	historical	origine/jungle-tower-h18
127	historical	origine/jungle-tower-h21
128	historical	recharged/jungle-tower-h00
129	historical	recharged/jungle-tower-h03
130	historical	recharged/jungle-tower-h06
131	historical	recharged/jungle-tower-h09
132	historical	recharged/jungle-tower-h12
133	historical	recharged/jungle-tower-h15
134	historical	recharged/jungle-tower-h18
135	historical	recharged/jungle-tower-h21
136	historical	origine-lumiere/jungle-tower-h00
137	historical	origine-lumiere/jungle-tower-h03
138	historical	origine-lumiere/jungle-tower-h06
139	historical	origine-lumiere/jungle-tower-h09
140	historical	origine-lumiere/jungle-tower-h12
141	historical	origine-lumiere/jungle-tower-h15
142	historical	origine-lumiere/jungle-tower-h18
143	historical	origine-lumiere/jungle-tower-h21
144	historical	origine/misty-start-h00
145	historical	origine/misty-start-h03
146	historical	origine/misty-start-h06
147	historical	origine/misty-start-h09
148	historical	origine/misty-start-h12
149	historical	origine/misty-start-h15
150	historical	origine/misty-start-h18
151	historical	origine/misty-start-h21
152	historical	recharged/misty-start-h00
153	historical	recharged/misty-start-h03
154	historical	recharged/misty-start-h06
155	historical	recharged/misty-start-h09
156	historical	recharged/misty-start-h12
157	historical	recharged/misty-start-h15
158	historical	recharged/misty-start-h18
159	historical	recharged/misty-start-h21
160	historical	origine-lumiere/misty-start-h00
161	historical	origine-lumiere/misty-start-h03
162	historical	origine-lumiere/misty-start-h06
163	historical	origine-lumiere/misty-start-h09
164	historical	origine-lumiere/misty-start-h12
165	historical	origine-lumiere/misty-start-h15
166	historical	origine-lumiere/misty-start-h18
167	historical	origine-lumiere/misty-start-h21
168	historical	origine/misty-bike-h09
169	historical	origine/misty-bike-h21
170	historical	recharged/misty-bike-h09
171	historical	recharged/misty-bike-h21
172	historical	origine-lumiere/misty-bike-h09
173	historical	origine-lumiere/misty-bike-h21
174	historical	origine/firecanyon-start-h00
175	historical	origine/firecanyon-start-h03
176	historical	origine/firecanyon-start-h06
177	historical	origine/firecanyon-start-h09
178	historical	origine/firecanyon-start-h12
179	historical	origine/firecanyon-start-h15
180	historical	origine/firecanyon-start-h18
181	historical	origine/firecanyon-start-h21
182	historical	recharged/firecanyon-start-h00
183	historical	recharged/firecanyon-start-h03
184	historical	recharged/firecanyon-start-h06
185	historical	recharged/firecanyon-start-h09
186	historical	recharged/firecanyon-start-h12
187	historical	recharged/firecanyon-start-h15
188	historical	recharged/firecanyon-start-h18
189	historical	recharged/firecanyon-start-h21
190	historical	origine-lumiere/firecanyon-start-h00
191	historical	origine-lumiere/firecanyon-start-h03
192	historical	origine-lumiere/firecanyon-start-h06
193	historical	origine-lumiere/firecanyon-start-h09
194	historical	origine-lumiere/firecanyon-start-h12
195	historical	origine-lumiere/firecanyon-start-h15
196	historical	origine-lumiere/firecanyon-start-h18
197	historical	origine-lumiere/firecanyon-start-h21
198	historical	origine/village2-start-h00
199	historical	origine/village2-start-h03
200	historical	origine/village2-start-h06
201	historical	origine/village2-start-h09
202	historical	origine/village2-start-h12
203	historical	origine/village2-start-h15
204	historical	origine/village2-start-h18
205	historical	origine/village2-start-h21
206	historical	recharged/village2-start-h00
207	historical	recharged/village2-start-h03
208	historical	recharged/village2-start-h06
209	historical	recharged/village2-start-h09
210	historical	recharged/village2-start-h12
211	historical	recharged/village2-start-h15
212	historical	recharged/village2-start-h18
213	historical	recharged/village2-start-h21
214	historical	origine-lumiere/village2-start-h00
215	historical	origine-lumiere/village2-start-h03
216	historical	origine-lumiere/village2-start-h06
217	historical	origine-lumiere/village2-start-h09
218	historical	origine-lumiere/village2-start-h12
219	historical	origine-lumiere/village2-start-h15
220	historical	origine-lumiere/village2-start-h18
221	historical	origine-lumiere/village2-start-h21
222	historical	origine/village2-dock-h09
223	historical	origine/village2-dock-h21
224	historical	recharged/village2-dock-h09
225	historical	recharged/village2-dock-h21
226	historical	origine-lumiere/village2-dock-h09
227	historical	origine-lumiere/village2-dock-h21
228	historical	origine/sunken-start-h00
229	historical	origine/sunken-start-h03
230	historical	origine/sunken-start-h06
231	historical	origine/sunken-start-h09
232	historical	origine/sunken-start-h12
233	historical	origine/sunken-start-h15
234	historical	origine/sunken-start-h18
235	historical	origine/sunken-start-h21
236	historical	recharged/sunken-start-h00
237	historical	recharged/sunken-start-h03
238	historical	recharged/sunken-start-h06
239	historical	recharged/sunken-start-h09
240	historical	recharged/sunken-start-h12
241	historical	recharged/sunken-start-h15
242	historical	recharged/sunken-start-h18
243	historical	recharged/sunken-start-h21
244	historical	origine-lumiere/sunken-start-h00
245	historical	origine-lumiere/sunken-start-h03
246	historical	origine-lumiere/sunken-start-h06
247	historical	origine-lumiere/sunken-start-h09
248	historical	origine-lumiere/sunken-start-h12
249	historical	origine-lumiere/sunken-start-h15
250	historical	origine-lumiere/sunken-start-h18
251	historical	origine-lumiere/sunken-start-h21
252	historical	origine/sunkenb-start-h00
253	historical	origine/sunkenb-start-h03
254	historical	origine/sunkenb-start-h06
255	historical	origine/sunkenb-start-h09
256	historical	origine/sunkenb-start-h12
257	historical	origine/sunkenb-start-h15
258	historical	origine/sunkenb-start-h18
259	historical	origine/sunkenb-start-h21
260	historical	recharged/sunkenb-start-h00
261	historical	recharged/sunkenb-start-h03
262	historical	recharged/sunkenb-start-h06
263	historical	recharged/sunkenb-start-h09
264	historical	recharged/sunkenb-start-h12
265	historical	recharged/sunkenb-start-h15
266	historical	recharged/sunkenb-start-h18
267	historical	recharged/sunkenb-start-h21
268	historical	origine-lumiere/sunkenb-start-h00
269	historical	origine-lumiere/sunkenb-start-h03
270	historical	origine-lumiere/sunkenb-start-h06
271	historical	origine-lumiere/sunkenb-start-h09
272	historical	origine-lumiere/sunkenb-start-h12
273	historical	origine-lumiere/sunkenb-start-h15
274	historical	origine-lumiere/sunkenb-start-h18
275	historical	origine-lumiere/sunkenb-start-h21
276	historical	origine/sunkenb-helix-h09
277	historical	origine/sunkenb-helix-h21
278	historical	recharged/sunkenb-helix-h09
279	historical	recharged/sunkenb-helix-h21
280	historical	origine-lumiere/sunkenb-helix-h09
281	historical	origine-lumiere/sunkenb-helix-h21
282	historical	origine/swamp-dock1-h00
283	historical	origine/swamp-dock1-h03
284	historical	origine/swamp-dock1-h06
285	historical	origine/swamp-dock1-h09
286	historical	origine/swamp-dock1-h12
287	historical	origine/swamp-dock1-h15
288	historical	origine/swamp-dock1-h18
289	historical	origine/swamp-dock1-h21
290	historical	recharged/swamp-dock1-h00
291	historical	recharged/swamp-dock1-h03
292	historical	recharged/swamp-dock1-h06
293	historical	recharged/swamp-dock1-h09
294	historical	recharged/swamp-dock1-h12
295	historical	recharged/swamp-dock1-h15
296	historical	recharged/swamp-dock1-h18
297	historical	recharged/swamp-dock1-h21
298	historical	origine-lumiere/swamp-dock1-h00
299	historical	origine-lumiere/swamp-dock1-h03
300	historical	origine-lumiere/swamp-dock1-h06
301	historical	origine-lumiere/swamp-dock1-h09
302	historical	origine-lumiere/swamp-dock1-h12
303	historical	origine-lumiere/swamp-dock1-h15
304	historical	origine-lumiere/swamp-dock1-h18
305	historical	origine-lumiere/swamp-dock1-h21
306	historical	origine/swamp-start-h09
307	historical	origine/swamp-start-h21
308	historical	recharged/swamp-start-h09
309	historical	recharged/swamp-start-h21
310	historical	origine-lumiere/swamp-start-h09
311	historical	origine-lumiere/swamp-start-h21
312	historical	origine/swamp-cave1-h09
313	historical	origine/swamp-cave1-h21
314	historical	recharged/swamp-cave1-h09
315	historical	recharged/swamp-cave1-h21
316	historical	origine-lumiere/swamp-cave1-h09
317	historical	origine-lumiere/swamp-cave1-h21
318	historical	origine/rolling-start-h00
319	historical	origine/rolling-start-h03
320	historical	origine/rolling-start-h06
321	historical	origine/rolling-start-h09
322	historical	origine/rolling-start-h12
323	historical	origine/rolling-start-h15
324	historical	origine/rolling-start-h18
325	historical	origine/rolling-start-h21
326	historical	recharged/rolling-start-h00
327	historical	recharged/rolling-start-h03
328	historical	recharged/rolling-start-h06
329	historical	recharged/rolling-start-h09
330	historical	recharged/rolling-start-h12
331	historical	recharged/rolling-start-h15
332	historical	recharged/rolling-start-h18
333	historical	recharged/rolling-start-h21
334	historical	origine-lumiere/rolling-start-h00
335	historical	origine-lumiere/rolling-start-h03
336	historical	origine-lumiere/rolling-start-h06
337	historical	origine-lumiere/rolling-start-h09
338	historical	origine-lumiere/rolling-start-h12
339	historical	origine-lumiere/rolling-start-h15
340	historical	origine-lumiere/rolling-start-h18
341	historical	origine-lumiere/rolling-start-h21
342	historical	origine/ogre-start-h00
343	historical	origine/ogre-start-h03
344	historical	origine/ogre-start-h06
345	historical	origine/ogre-start-h09
346	historical	origine/ogre-start-h12
347	historical	origine/ogre-start-h15
348	historical	origine/ogre-start-h18
349	historical	origine/ogre-start-h21
350	historical	recharged/ogre-start-h00
351	historical	recharged/ogre-start-h03
352	historical	recharged/ogre-start-h06
353	historical	recharged/ogre-start-h09
354	historical	recharged/ogre-start-h12
355	historical	recharged/ogre-start-h15
356	historical	recharged/ogre-start-h18
357	historical	recharged/ogre-start-h21
358	historical	origine-lumiere/ogre-start-h00
359	historical	origine-lumiere/ogre-start-h03
360	historical	origine-lumiere/ogre-start-h06
361	historical	origine-lumiere/ogre-start-h09
362	historical	origine-lumiere/ogre-start-h12
363	historical	origine-lumiere/ogre-start-h15
364	historical	origine-lumiere/ogre-start-h18
365	historical	origine-lumiere/ogre-start-h21
366	historical	origine/village3-start-h00
367	historical	origine/village3-start-h03
368	historical	origine/village3-start-h06
369	historical	origine/village3-start-h09
370	historical	origine/village3-start-h12
371	historical	origine/village3-start-h15
372	historical	origine/village3-start-h18
373	historical	origine/village3-start-h21
374	historical	recharged/village3-start-h00
375	historical	recharged/village3-start-h03
376	historical	recharged/village3-start-h06
377	historical	recharged/village3-start-h09
378	historical	recharged/village3-start-h12
379	historical	recharged/village3-start-h15
380	historical	recharged/village3-start-h18
381	historical	recharged/village3-start-h21
382	historical	origine-lumiere/village3-start-h00
383	historical	origine-lumiere/village3-start-h03
384	historical	origine-lumiere/village3-start-h06
385	historical	origine-lumiere/village3-start-h09
386	historical	origine-lumiere/village3-start-h12
387	historical	origine-lumiere/village3-start-h15
388	historical	origine-lumiere/village3-start-h18
389	historical	origine-lumiere/village3-start-h21
390	historical	origine/snow-start-h00
391	historical	origine/snow-start-h03
392	historical	origine/snow-start-h06
393	historical	origine/snow-start-h09
394	historical	origine/snow-start-h12
395	historical	origine/snow-start-h15
396	historical	origine/snow-start-h18
397	historical	origine/snow-start-h21
398	historical	recharged/snow-start-h00
399	historical	recharged/snow-start-h03
400	historical	recharged/snow-start-h06
401	historical	recharged/snow-start-h09
402	historical	recharged/snow-start-h12
403	historical	recharged/snow-start-h15
404	historical	recharged/snow-start-h18
405	historical	recharged/snow-start-h21
406	historical	origine-lumiere/snow-start-h00
407	historical	origine-lumiere/snow-start-h03
408	historical	origine-lumiere/snow-start-h06
409	historical	origine-lumiere/snow-start-h09
410	historical	origine-lumiere/snow-start-h12
411	historical	origine-lumiere/snow-start-h15
412	historical	origine-lumiere/snow-start-h18
413	historical	origine-lumiere/snow-start-h21
414	historical	origine/snow-fort-h09
415	historical	origine/snow-fort-h21
416	historical	recharged/snow-fort-h09
417	historical	recharged/snow-fort-h21
418	historical	origine-lumiere/snow-fort-h09
419	historical	origine-lumiere/snow-fort-h21
420	historical	origine/maincave-start-h00
421	historical	origine/maincave-start-h03
422	historical	origine/maincave-start-h06
423	historical	origine/maincave-start-h09
424	historical	origine/maincave-start-h12
425	historical	origine/maincave-start-h15
426	historical	origine/maincave-start-h18
427	historical	origine/maincave-start-h21
428	historical	recharged/maincave-start-h00
429	historical	recharged/maincave-start-h03
430	historical	recharged/maincave-start-h06
431	historical	recharged/maincave-start-h09
432	historical	recharged/maincave-start-h12
433	historical	recharged/maincave-start-h15
434	historical	recharged/maincave-start-h18
435	historical	recharged/maincave-start-h21
436	historical	origine-lumiere/maincave-start-h00
437	historical	origine-lumiere/maincave-start-h03
438	historical	origine-lumiere/maincave-start-h06
439	historical	origine-lumiere/maincave-start-h09
440	historical	origine-lumiere/maincave-start-h12
441	historical	origine-lumiere/maincave-start-h15
442	historical	origine-lumiere/maincave-start-h18
443	historical	origine-lumiere/maincave-start-h21
444	historical	origine/darkcave-start-h00
445	historical	origine/darkcave-start-h03
446	historical	origine/darkcave-start-h06
447	historical	origine/darkcave-start-h09
448	historical	origine/darkcave-start-h12
449	historical	origine/darkcave-start-h15
450	historical	origine/darkcave-start-h18
451	historical	origine/darkcave-start-h21
452	historical	recharged/darkcave-start-h00
453	historical	recharged/darkcave-start-h03
454	historical	recharged/darkcave-start-h06
455	historical	recharged/darkcave-start-h09
456	historical	recharged/darkcave-start-h12
457	historical	recharged/darkcave-start-h15
458	historical	recharged/darkcave-start-h18
459	historical	recharged/darkcave-start-h21
460	historical	origine-lumiere/darkcave-start-h00
461	historical	origine-lumiere/darkcave-start-h03
462	historical	origine-lumiere/darkcave-start-h06
463	historical	origine-lumiere/darkcave-start-h09
464	historical	origine-lumiere/darkcave-start-h12
465	historical	origine-lumiere/darkcave-start-h15
466	historical	origine-lumiere/darkcave-start-h18
467	historical	origine-lumiere/darkcave-start-h21
468	historical	origine/robocave-start-h00
469	historical	origine/robocave-start-h03
470	historical	origine/robocave-start-h06
471	historical	origine/robocave-start-h09
472	historical	origine/robocave-start-h12
473	historical	origine/robocave-start-h15
474	historical	origine/robocave-start-h18
475	historical	origine/robocave-start-h21
476	historical	recharged/robocave-start-h00
477	historical	recharged/robocave-start-h03
478	historical	recharged/robocave-start-h06
479	historical	recharged/robocave-start-h09
480	historical	recharged/robocave-start-h12
481	historical	recharged/robocave-start-h15
482	historical	recharged/robocave-start-h18
483	historical	recharged/robocave-start-h21
484	historical	origine-lumiere/robocave-start-h00
485	historical	origine-lumiere/robocave-start-h03
486	historical	origine-lumiere/robocave-start-h06
487	historical	origine-lumiere/robocave-start-h09
488	historical	origine-lumiere/robocave-start-h12
489	historical	origine-lumiere/robocave-start-h15
490	historical	origine-lumiere/robocave-start-h18
491	historical	origine-lumiere/robocave-start-h21
492	historical	origine/lavatube-start-h00
493	historical	origine/lavatube-start-h03
494	historical	origine/lavatube-start-h06
495	historical	origine/lavatube-start-h09
496	historical	origine/lavatube-start-h12
497	historical	origine/lavatube-start-h15
498	historical	origine/lavatube-start-h18
499	historical	origine/lavatube-start-h21
500	historical	recharged/lavatube-start-h00
501	historical	recharged/lavatube-start-h03
502	historical	recharged/lavatube-start-h06
503	historical	recharged/lavatube-start-h09
504	historical	recharged/lavatube-start-h12
505	historical	recharged/lavatube-start-h15
506	historical	recharged/lavatube-start-h18
507	historical	recharged/lavatube-start-h21
508	historical	origine-lumiere/lavatube-start-h00
509	historical	origine-lumiere/lavatube-start-h03
510	historical	origine-lumiere/lavatube-start-h06
511	historical	origine-lumiere/lavatube-start-h09
512	historical	origine-lumiere/lavatube-start-h12
513	historical	origine-lumiere/lavatube-start-h15
514	historical	origine-lumiere/lavatube-start-h18
515	historical	origine-lumiere/lavatube-start-h21
516	historical	origine/citadel-start-h00
517	historical	origine/citadel-start-h03
518	historical	origine/citadel-start-h06
519	historical	origine/citadel-start-h09
520	historical	origine/citadel-start-h12
521	historical	origine/citadel-start-h15
522	historical	origine/citadel-start-h18
523	historical	origine/citadel-start-h21
524	historical	recharged/citadel-start-h00
525	historical	recharged/citadel-start-h03
526	historical	recharged/citadel-start-h06
527	historical	recharged/citadel-start-h09
528	historical	recharged/citadel-start-h12
529	historical	recharged/citadel-start-h15
530	historical	recharged/citadel-start-h18
531	historical	recharged/citadel-start-h21
532	historical	origine-lumiere/citadel-start-h00
533	historical	origine-lumiere/citadel-start-h03
534	historical	origine-lumiere/citadel-start-h06
535	historical	origine-lumiere/citadel-start-h09
536	historical	origine-lumiere/citadel-start-h12
537	historical	origine-lumiere/citadel-start-h15
538	historical	origine-lumiere/citadel-start-h18
539	historical	origine-lumiere/citadel-start-h21
540	historical	origine/finalboss-start-h00
541	historical	origine/finalboss-start-h03
542	historical	origine/finalboss-start-h06
543	historical	origine/finalboss-start-h09
544	historical	origine/finalboss-start-h12
545	historical	origine/finalboss-start-h15
546	historical	origine/finalboss-start-h18
547	historical	origine/finalboss-start-h21
548	historical	recharged/finalboss-start-h00
549	historical	recharged/finalboss-start-h03
550	historical	recharged/finalboss-start-h06
551	historical	recharged/finalboss-start-h09
552	historical	recharged/finalboss-start-h12
553	historical	recharged/finalboss-start-h15
554	historical	recharged/finalboss-start-h18
555	historical	recharged/finalboss-start-h21
556	historical	origine-lumiere/finalboss-start-h00
557	historical	origine-lumiere/finalboss-start-h03
558	historical	origine-lumiere/finalboss-start-h06
559	historical	origine-lumiere/finalboss-start-h09
560	historical	origine-lumiere/finalboss-start-h12
561	historical	origine-lumiere/finalboss-start-h15
562	historical	origine-lumiere/finalboss-start-h18
563	historical	origine-lumiere/finalboss-start-h21
564	supplement-v1	origine/misty-bike-h00
565	supplement-v1	origine/misty-bike-h03
566	supplement-v1	origine/misty-bike-h06
567	supplement-v1	origine/misty-bike-h12
568	supplement-v1	origine/misty-bike-h15
569	supplement-v1	origine/misty-bike-h18
570	supplement-v1	recharged/misty-bike-h00
571	supplement-v1	recharged/misty-bike-h03
572	supplement-v1	recharged/misty-bike-h06
573	supplement-v1	recharged/misty-bike-h12
574	supplement-v1	recharged/misty-bike-h15
575	supplement-v1	recharged/misty-bike-h18
576	supplement-v1	origine-lumiere/misty-bike-h00
577	supplement-v1	origine-lumiere/misty-bike-h03
578	supplement-v1	origine-lumiere/misty-bike-h06
579	supplement-v1	origine-lumiere/misty-bike-h12
580	supplement-v1	origine-lumiere/misty-bike-h15
581	supplement-v1	origine-lumiere/misty-bike-h18
582	supplement-v1	origine/village2-dock-h00
583	supplement-v1	origine/village2-dock-h03
584	supplement-v1	origine/village2-dock-h06
585	supplement-v1	origine/village2-dock-h12
586	supplement-v1	origine/village2-dock-h15
587	supplement-v1	origine/village2-dock-h18
588	supplement-v1	recharged/village2-dock-h00
589	supplement-v1	recharged/village2-dock-h03
590	supplement-v1	recharged/village2-dock-h06
591	supplement-v1	recharged/village2-dock-h12
592	supplement-v1	recharged/village2-dock-h15
593	supplement-v1	recharged/village2-dock-h18
594	supplement-v1	origine-lumiere/village2-dock-h00
595	supplement-v1	origine-lumiere/village2-dock-h03
596	supplement-v1	origine-lumiere/village2-dock-h06
597	supplement-v1	origine-lumiere/village2-dock-h12
598	supplement-v1	origine-lumiere/village2-dock-h15
599	supplement-v1	origine-lumiere/village2-dock-h18
600	supplement-v1	origine/sunkenb-helix-h00
601	supplement-v1	origine/sunkenb-helix-h03
602	supplement-v1	origine/sunkenb-helix-h06
603	supplement-v1	origine/sunkenb-helix-h12
604	supplement-v1	origine/sunkenb-helix-h15
605	supplement-v1	origine/sunkenb-helix-h18
606	supplement-v1	recharged/sunkenb-helix-h00
607	supplement-v1	recharged/sunkenb-helix-h03
608	supplement-v1	recharged/sunkenb-helix-h06
609	supplement-v1	recharged/sunkenb-helix-h12
610	supplement-v1	recharged/sunkenb-helix-h15
611	supplement-v1	recharged/sunkenb-helix-h18
612	supplement-v1	origine-lumiere/sunkenb-helix-h00
613	supplement-v1	origine-lumiere/sunkenb-helix-h03
614	supplement-v1	origine-lumiere/sunkenb-helix-h06
615	supplement-v1	origine-lumiere/sunkenb-helix-h12
616	supplement-v1	origine-lumiere/sunkenb-helix-h15
617	supplement-v1	origine-lumiere/sunkenb-helix-h18
618	supplement-v1	origine/swamp-start-h00
619	supplement-v1	origine/swamp-start-h03
620	supplement-v1	origine/swamp-start-h06
621	supplement-v1	origine/swamp-start-h12
622	supplement-v1	origine/swamp-start-h15
623	supplement-v1	origine/swamp-start-h18
624	supplement-v1	recharged/swamp-start-h00
625	supplement-v1	recharged/swamp-start-h03
626	supplement-v1	recharged/swamp-start-h06
627	supplement-v1	recharged/swamp-start-h12
628	supplement-v1	recharged/swamp-start-h15
629	supplement-v1	recharged/swamp-start-h18
630	supplement-v1	origine-lumiere/swamp-start-h00
631	supplement-v1	origine-lumiere/swamp-start-h03
632	supplement-v1	origine-lumiere/swamp-start-h06
633	supplement-v1	origine-lumiere/swamp-start-h12
634	supplement-v1	origine-lumiere/swamp-start-h15
635	supplement-v1	origine-lumiere/swamp-start-h18
636	supplement-v1	origine/swamp-cave1-h00
637	supplement-v1	origine/swamp-cave1-h03
638	supplement-v1	origine/swamp-cave1-h06
639	supplement-v1	origine/swamp-cave1-h12
640	supplement-v1	origine/swamp-cave1-h15
641	supplement-v1	origine/swamp-cave1-h18
642	supplement-v1	recharged/swamp-cave1-h00
643	supplement-v1	recharged/swamp-cave1-h03
644	supplement-v1	recharged/swamp-cave1-h06
645	supplement-v1	recharged/swamp-cave1-h12
646	supplement-v1	recharged/swamp-cave1-h15
647	supplement-v1	recharged/swamp-cave1-h18
648	supplement-v1	origine-lumiere/swamp-cave1-h00
649	supplement-v1	origine-lumiere/swamp-cave1-h03
650	supplement-v1	origine-lumiere/swamp-cave1-h06
651	supplement-v1	origine-lumiere/swamp-cave1-h12
652	supplement-v1	origine-lumiere/swamp-cave1-h15
653	supplement-v1	origine-lumiere/swamp-cave1-h18
654	supplement-v1	origine/snow-fort-h00
655	supplement-v1	origine/snow-fort-h03
656	supplement-v1	origine/snow-fort-h06
657	supplement-v1	origine/snow-fort-h12
658	supplement-v1	origine/snow-fort-h15
659	supplement-v1	origine/snow-fort-h18
660	supplement-v1	recharged/snow-fort-h00
661	supplement-v1	recharged/snow-fort-h03
662	supplement-v1	recharged/snow-fort-h06
663	supplement-v1	recharged/snow-fort-h12
664	supplement-v1	recharged/snow-fort-h15
665	supplement-v1	recharged/snow-fort-h18
666	supplement-v1	origine-lumiere/snow-fort-h00
667	supplement-v1	origine-lumiere/snow-fort-h03
668	supplement-v1	origine-lumiere/snow-fort-h06
669	supplement-v1	origine-lumiere/snow-fort-h12
670	supplement-v1	origine-lumiere/snow-fort-h15
671	supplement-v1	origine-lumiere/snow-fort-h18
